<annotation>
	<folder>train</folder>
	<filename>P1010020.jpg</filename>
	<path>C:\tensorflow3\models\research\object_detection\images\train\P1010020.jpg</path>
	<source>
		<database>Unknown</database>
	</source>
	<size>
		<width>640</width>
		<height>480</height>
		<depth>3</depth>
	</size>
	<segmented>0</segmented>
	<object>
		<name>LP</name>
		<pose>Unspecified</pose>
		<truncated>0</truncated>
		<difficult>0</difficult>
		<bndbox>
			<xmin>232</xmin>
			<ymin>299</ymin>
			<xmax>466</xmax>
			<ymax>353</ymax>
		</bndbox>
	</object>
</annotation>
