<annotation>
	<folder>train</folder>
	<filename>P5280049.jpg</filename>
	<path>C:\tensorflow3\models\research\object_detection\images\train\P5280049.jpg</path>
	<source>
		<database>Unknown</database>
	</source>
	<size>
		<width>640</width>
		<height>480</height>
		<depth>3</depth>
	</size>
	<segmented>0</segmented>
	<object>
		<name>LP</name>
		<pose>Unspecified</pose>
		<truncated>0</truncated>
		<difficult>0</difficult>
		<bndbox>
			<xmin>188</xmin>
			<ymin>278</ymin>
			<xmax>431</xmax>
			<ymax>334</ymax>
		</bndbox>
	</object>
</annotation>
