<annotation>
	<folder>train</folder>
	<filename>P5280108.jpg</filename>
	<path>C:\tensorflow3\models\research\object_detection\images\train\P5280108.jpg</path>
	<source>
		<database>Unknown</database>
	</source>
	<size>
		<width>640</width>
		<height>480</height>
		<depth>3</depth>
	</size>
	<segmented>0</segmented>
	<object>
		<name>LP</name>
		<pose>Unspecified</pose>
		<truncated>0</truncated>
		<difficult>0</difficult>
		<bndbox>
			<xmin>213</xmin>
			<ymin>320</ymin>
			<xmax>442</xmax>
			<ymax>372</ymax>
		</bndbox>
	</object>
</annotation>
